{
  "data": [
    {
      "id": 1,
      "title": "Belanja Bulanan",
      "desc": "Beli kebutuhan rumah tangga seperti beras, gula, minyak, dan sayuran."
    },
    {
      "id": 2,
      "title": "Menyelesaikan Laporan Keuangan",
      "desc": "Selesaikan laporan keuangan untuk kuartal pertama dan kirimkan ke manajer."
    },
    {
      "id": 3,
      "title": "Olahraga Pagi",
      "desc": "Lakukan jogging selama 30 menit di taman dekat rumah."
    },
    {
      "id": 4,
      "title": "Baca Buku",
      "desc": "Baca buku 'Atomic Habits' bab 3 dan 4."
    },
    {
      "id": 5,
      "title": "Perawatan Mobil",
      "desc": "Bawa mobil ke bengkel untuk servis rutin dan ganti oli."
    }
  ]
}
